major,role,statement,class,prepare_ok,explain_ok,prepare_locked_relations,post_explain_locked_relations,plan_relations,plan_outputs,explain_sha256
14,super,select_direct,SELECT,yes,yes,edb.customers:r:AccessShareLock,edb.customers:r:AccessShareLock;edb.customers_id_idx:i:AccessShareLock,edb.customers,name,eecdd7fa1bfb8e521ba133ad039cc608825e22e572f7d87e593a80ecbf3b6a80
14,super,select_join,SELECT,yes,yes,edb.customers:r:AccessShareLock;edb.orders:r:AccessShareLock,edb.customers:r:AccessShareLock;edb.customers_id_idx:i:AccessShareLock;edb.orders:r:AccessShareLock,edb.customers;edb.orders,c.id | c.name | c.region | c.secret | o.amount | o.customer_id,eaa7b6c8b2a3c39e52fe53008613bfc38ddbe7a4a89d76c4f4da18736fc19511
14,super,select_view,SELECT,yes,yes,edb.customers:r:AccessShareLock;edb.v_customer:v:AccessShareLock,edb.customers:r:AccessShareLock;edb.customers_id_idx:i:AccessShareLock;edb.v_customer:v:AccessShareLock,edb.customers,c.name,783ecc24725d24e167cc0b9fe3e7ab4c679bab8de31b7e27ebb9451cba34d0fe
14,super,select_nested_view,SELECT,yes,yes,edb.customers:r:AccessShareLock;edb.v_customer:v:AccessShareLock;edb.v_customer_nested:v:AccessShareLock,edb.customers:r:AccessShareLock;edb.customers_id_idx:i:AccessShareLock;edb.v_customer:v:AccessShareLock;edb.v_customer_nested:v:AccessShareLock,edb.customers,c.name,2007429802bf99ae22e26f1008e6fdc54ef0ac7cf185c19263c994d7b8e6543f
14,super,select_cte,SELECT,yes,yes,edb.customers:r:AccessShareLock;edb.orders:r:AccessShareLock,edb.customers:r:AccessShareLock;edb.customers_id_idx:i:AccessShareLock;edb.orders:r:AccessShareLock,edb.customers;edb.orders,c.id | c.name | c.region | c.secret | o.amount | o.customer_id,eaa7b6c8b2a3c39e52fe53008613bfc38ddbe7a4a89d76c4f4da18736fc19511
14,super,select_lateral,SELECT,yes,yes,edb.customers:r:AccessShareLock;edb.orders:r:AccessShareLock,edb.customers:r:AccessShareLock;edb.customers_id_idx:i:AccessShareLock;edb.orders:r:AccessShareLock,edb.customers;edb.orders,(sum(o.amount)) | c.id | c.name | c.region | c.secret | o.amount | o.customer_id | o.note | sum(o.amount),a9d3ffb8077a5b70a59ff2daa7b2f4725b6695fe34f4b2aa1b5ee426933f9ea7
14,super,select_whole_row,SELECT,yes,yes,edb.customers:r:AccessShareLock,edb.customers:r:AccessShareLock;edb.customers_id_idx:i:AccessShareLock,edb.customers,c.*,87f76c7c76890322d1009e41eebc0571e9f3cea90a7bc3b5e032c8ed2f858996
14,super,select_system_columns,SELECT,yes,yes,edb.customers:r:AccessShareLock,edb.customers:r:AccessShareLock;edb.customers_id_idx:i:AccessShareLock,edb.customers,ctid | xmin,2d905adb0cfa3128747f2cc7846b9841241cec7cbb7c8b883098fb7f0042787b
14,super,select_partition,SELECT,yes,yes,edb.p_events:p:AccessShareLock,edb.p_events:p:AccessShareLock;edb.p_events_lo:r:AccessShareLock,edb.p_events_lo,p.payload,0d08f26acab99c4d8444a456eff7959f3d90929c2a8c2bbef2844c0e535ddec6
14,super,select_inheritance_only,SELECT,yes,yes,edb.i_parent:r:AccessShareLock,edb.i_parent:r:AccessShareLock,edb.i_parent,payload,e36aeeb841079ac037887b894797be46e165b78e6d5bfc336998193366e24452
14,super,select_rls,SELECT,yes,yes,edb.rls_data:r:AccessShareLock,edb.rls_data:r:AccessShareLock,edb.rls_data,secret,358143333a7da9cc20627b603cd794c419b94ed0aaeb078c8d1bd5cfedb854d7
14,super,select_immutable_function,SELECT,yes,yes,,,,1,a0a6c321c65727b0a32db6bd6d20583dbdd6636929b0a05e789af834f5367b62
14,super,insert_values,INSERT,yes,yes,edb.dml_plain:r:RowExclusiveLock,edb.dml_plain:r:RowExclusiveLock,edb.dml_plain,'x'::text | 1,67a4cc818c4d35511085e40724b4f55c8e82c3c7c5d0106658a0667d2388aadd
14,super,insert_omitted,INSERT,yes,yes,edb.dml_plain:r:RowExclusiveLock,edb.dml_plain:r:RowExclusiveLock,edb.dml_plain,2 | NULL::text,9d72f032fdab7d3dd8881bd3a215f3a0120634d3bc4ad551091f5ba561cc7fc7
14,super,update_simple,UPDATE,yes,yes,edb.dml_plain:r:RowExclusiveLock,edb.dml_plain:r:RowExclusiveLock,edb.dml_plain,'y'::text | ctid,ff80249c03478471162cbb00f32edc7bd15138dd6614adbce1e516839089cf39
14,super,update_from_returning,UPDATE,yes,yes,edb.customers:r:RowExclusiveLock;edb.orders:r:AccessShareLock,edb.customers:r:RowExclusiveLock;edb.customers_id_idx:i:RowExclusiveLock;edb.orders:r:AccessShareLock,edb.customers;edb.orders,c.ctid | c.id | o.amount | o.ctid | o.customer_id | o.note,99e40e879e8391ca27a8bde7d8908bb774b8406aa00751ec1920a23fecf8c891
14,super,delete_simple,DELETE,yes,yes,edb.dml_plain:r:RowExclusiveLock,edb.dml_plain:r:RowExclusiveLock,edb.dml_plain,ctid,d3ba2f508d9fb468685549261dd7591d35d2ef77b2819c5daf2a6b5b5dce3887
14,super,update_trigger,UPDATE,yes,yes,edb.trigger_target:r:RowExclusiveLock,edb.trigger_target:r:RowExclusiveLock,edb.trigger_target,'changed'::text | ctid,31f2011a383d4a8f4b2655d9dbba20372d5d17326e66585405871bca7946365c
14,super,update_rule,UPDATE,yes,yes,edb.audit_log:r:RowExclusiveLock;edb.rule_target:r:AccessShareLock;edb.rule_target:r:RowExclusiveLock,edb.audit_log:r:RowExclusiveLock;edb.rule_target:r:AccessShareLock;edb.rule_target:r:RowExclusiveLock,edb.audit_log;edb.rule_target,'changed'::text | ctid,a876d5a26cb506fea47d096d912ae3c92b31e50ee7362225783d9c70e4e2bcd1
14,regular,select_direct,SELECT,yes,yes,edb.customers:r:AccessShareLock,edb.customers:r:AccessShareLock;edb.customers_id_idx:i:AccessShareLock,edb.customers,name,eecdd7fa1bfb8e521ba133ad039cc608825e22e572f7d87e593a80ecbf3b6a80
14,regular,select_join,SELECT,yes,yes,edb.customers:r:AccessShareLock;edb.orders:r:AccessShareLock,edb.customers:r:AccessShareLock;edb.customers_id_idx:i:AccessShareLock;edb.orders:r:AccessShareLock,edb.customers;edb.orders,c.id | c.name | c.region | c.secret | o.amount | o.customer_id,eaa7b6c8b2a3c39e52fe53008613bfc38ddbe7a4a89d76c4f4da18736fc19511
14,regular,select_view,SELECT,yes,yes,edb.customers:r:AccessShareLock;edb.v_customer:v:AccessShareLock,edb.customers:r:AccessShareLock;edb.customers_id_idx:i:AccessShareLock;edb.v_customer:v:AccessShareLock,edb.customers,c.name,783ecc24725d24e167cc0b9fe3e7ab4c679bab8de31b7e27ebb9451cba34d0fe
14,regular,select_nested_view,SELECT,yes,yes,edb.customers:r:AccessShareLock;edb.v_customer:v:AccessShareLock;edb.v_customer_nested:v:AccessShareLock,edb.customers:r:AccessShareLock;edb.customers_id_idx:i:AccessShareLock;edb.v_customer:v:AccessShareLock;edb.v_customer_nested:v:AccessShareLock,edb.customers,c.name,2007429802bf99ae22e26f1008e6fdc54ef0ac7cf185c19263c994d7b8e6543f
14,regular,select_cte,SELECT,yes,yes,edb.customers:r:AccessShareLock;edb.orders:r:AccessShareLock,edb.customers:r:AccessShareLock;edb.customers_id_idx:i:AccessShareLock;edb.orders:r:AccessShareLock,edb.customers;edb.orders,c.id | c.name | c.region | c.secret | o.amount | o.customer_id,eaa7b6c8b2a3c39e52fe53008613bfc38ddbe7a4a89d76c4f4da18736fc19511
14,regular,select_lateral,SELECT,yes,yes,edb.customers:r:AccessShareLock;edb.orders:r:AccessShareLock,edb.customers:r:AccessShareLock;edb.customers_id_idx:i:AccessShareLock;edb.orders:r:AccessShareLock,edb.customers;edb.orders,(sum(o.amount)) | c.id | c.name | c.region | c.secret | o.amount | o.customer_id | o.note | sum(o.amount),a9d3ffb8077a5b70a59ff2daa7b2f4725b6695fe34f4b2aa1b5ee426933f9ea7
14,regular,select_whole_row,SELECT,yes,yes,edb.customers:r:AccessShareLock,edb.customers:r:AccessShareLock;edb.customers_id_idx:i:AccessShareLock,edb.customers,c.*,87f76c7c76890322d1009e41eebc0571e9f3cea90a7bc3b5e032c8ed2f858996
14,regular,select_system_columns,SELECT,yes,yes,edb.customers:r:AccessShareLock,edb.customers:r:AccessShareLock;edb.customers_id_idx:i:AccessShareLock,edb.customers,ctid | xmin,2d905adb0cfa3128747f2cc7846b9841241cec7cbb7c8b883098fb7f0042787b
14,regular,select_partition,SELECT,yes,yes,edb.p_events:p:AccessShareLock,edb.p_events:p:AccessShareLock;edb.p_events_lo:r:AccessShareLock,edb.p_events_lo,p.payload,0d08f26acab99c4d8444a456eff7959f3d90929c2a8c2bbef2844c0e535ddec6
14,regular,select_inheritance_only,SELECT,yes,yes,edb.i_parent:r:AccessShareLock,edb.i_parent:r:AccessShareLock,edb.i_parent,payload,e36aeeb841079ac037887b894797be46e165b78e6d5bfc336998193366e24452
14,regular,select_rls,SELECT,yes,yes,edb.rls_data:r:AccessShareLock,edb.rls_data:r:AccessShareLock,edb.rls_data,secret,50fc656b35c5eb5f86185d06f644eccace6a920f3ba99003a11733d6e9956ead
14,regular,select_immutable_function,SELECT,yes,yes,,,,1,a0a6c321c65727b0a32db6bd6d20583dbdd6636929b0a05e789af834f5367b62
14,regular,insert_values,INSERT,yes,yes,edb.dml_plain:r:RowExclusiveLock,edb.dml_plain:r:RowExclusiveLock,edb.dml_plain,'x'::text | 1,67a4cc818c4d35511085e40724b4f55c8e82c3c7c5d0106658a0667d2388aadd
14,regular,insert_omitted,INSERT,yes,yes,edb.dml_plain:r:RowExclusiveLock,edb.dml_plain:r:RowExclusiveLock,edb.dml_plain,2 | NULL::text,9d72f032fdab7d3dd8881bd3a215f3a0120634d3bc4ad551091f5ba561cc7fc7
14,regular,update_simple,UPDATE,yes,yes,edb.dml_plain:r:RowExclusiveLock,edb.dml_plain:r:RowExclusiveLock,edb.dml_plain,'y'::text | ctid,ff80249c03478471162cbb00f32edc7bd15138dd6614adbce1e516839089cf39
14,regular,update_from_returning,UPDATE,yes,yes,edb.customers:r:RowExclusiveLock;edb.orders:r:AccessShareLock,edb.customers:r:RowExclusiveLock;edb.customers_id_idx:i:RowExclusiveLock;edb.orders:r:AccessShareLock,edb.customers;edb.orders,c.ctid | c.id | o.amount | o.ctid | o.customer_id | o.note,99e40e879e8391ca27a8bde7d8908bb774b8406aa00751ec1920a23fecf8c891
14,regular,delete_simple,DELETE,yes,yes,edb.dml_plain:r:RowExclusiveLock,edb.dml_plain:r:RowExclusiveLock,edb.dml_plain,ctid,d3ba2f508d9fb468685549261dd7591d35d2ef77b2819c5daf2a6b5b5dce3887
14,regular,update_trigger,UPDATE,yes,yes,edb.trigger_target:r:RowExclusiveLock,edb.trigger_target:r:RowExclusiveLock,edb.trigger_target,'changed'::text | ctid,31f2011a383d4a8f4b2655d9dbba20372d5d17326e66585405871bca7946365c
14,regular,update_rule,UPDATE,yes,yes,edb.audit_log:r:RowExclusiveLock;edb.rule_target:r:AccessShareLock;edb.rule_target:r:RowExclusiveLock,edb.audit_log:r:RowExclusiveLock;edb.rule_target:r:AccessShareLock;edb.rule_target:r:RowExclusiveLock,edb.audit_log;edb.rule_target,'changed'::text | ctid,a876d5a26cb506fea47d096d912ae3c92b31e50ee7362225783d9c70e4e2bcd1
15,super,select_direct,SELECT,yes,yes,edb.customers:r:AccessShareLock,edb.customers:r:AccessShareLock;edb.customers_id_idx:i:AccessShareLock,edb.customers,name,eecdd7fa1bfb8e521ba133ad039cc608825e22e572f7d87e593a80ecbf3b6a80
15,super,select_join,SELECT,yes,yes,edb.customers:r:AccessShareLock;edb.orders:r:AccessShareLock,edb.customers:r:AccessShareLock;edb.customers_id_idx:i:AccessShareLock;edb.orders:r:AccessShareLock,edb.customers;edb.orders,c.id | c.name | c.region | c.secret | o.amount | o.customer_id,eaa7b6c8b2a3c39e52fe53008613bfc38ddbe7a4a89d76c4f4da18736fc19511
15,super,select_view,SELECT,yes,yes,edb.customers:r:AccessShareLock;edb.v_customer:v:AccessShareLock,edb.customers:r:AccessShareLock;edb.customers_id_idx:i:AccessShareLock;edb.v_customer:v:AccessShareLock,edb.customers,c.name,783ecc24725d24e167cc0b9fe3e7ab4c679bab8de31b7e27ebb9451cba34d0fe
15,super,select_nested_view,SELECT,yes,yes,edb.customers:r:AccessShareLock;edb.v_customer:v:AccessShareLock;edb.v_customer_nested:v:AccessShareLock,edb.customers:r:AccessShareLock;edb.customers_id_idx:i:AccessShareLock;edb.v_customer:v:AccessShareLock;edb.v_customer_nested:v:AccessShareLock,edb.customers,c.name,2007429802bf99ae22e26f1008e6fdc54ef0ac7cf185c19263c994d7b8e6543f
15,super,select_cte,SELECT,yes,yes,edb.customers:r:AccessShareLock;edb.orders:r:AccessShareLock,edb.customers:r:AccessShareLock;edb.customers_id_idx:i:AccessShareLock;edb.orders:r:AccessShareLock,edb.customers;edb.orders,c.id | c.name | c.region | c.secret | o.amount | o.customer_id,eaa7b6c8b2a3c39e52fe53008613bfc38ddbe7a4a89d76c4f4da18736fc19511
15,super,select_lateral,SELECT,yes,yes,edb.customers:r:AccessShareLock;edb.orders:r:AccessShareLock,edb.customers:r:AccessShareLock;edb.customers_id_idx:i:AccessShareLock;edb.orders:r:AccessShareLock,edb.customers;edb.orders,(sum(o.amount)) | c.id | c.name | c.region | c.secret | o.amount | o.customer_id | o.note | sum(o.amount),a9d3ffb8077a5b70a59ff2daa7b2f4725b6695fe34f4b2aa1b5ee426933f9ea7
15,super,select_whole_row,SELECT,yes,yes,edb.customers:r:AccessShareLock,edb.customers:r:AccessShareLock;edb.customers_id_idx:i:AccessShareLock,edb.customers,c.*,87f76c7c76890322d1009e41eebc0571e9f3cea90a7bc3b5e032c8ed2f858996
15,super,select_system_columns,SELECT,yes,yes,edb.customers:r:AccessShareLock,edb.customers:r:AccessShareLock;edb.customers_id_idx:i:AccessShareLock,edb.customers,ctid | xmin,2d905adb0cfa3128747f2cc7846b9841241cec7cbb7c8b883098fb7f0042787b
15,super,select_partition,SELECT,yes,yes,edb.p_events:p:AccessShareLock,edb.p_events:p:AccessShareLock;edb.p_events_lo:r:AccessShareLock,edb.p_events_lo,p.payload,0d08f26acab99c4d8444a456eff7959f3d90929c2a8c2bbef2844c0e535ddec6
15,super,select_inheritance_only,SELECT,yes,yes,edb.i_parent:r:AccessShareLock,edb.i_parent:r:AccessShareLock,edb.i_parent,payload,e36aeeb841079ac037887b894797be46e165b78e6d5bfc336998193366e24452
15,super,select_rls,SELECT,yes,yes,edb.rls_data:r:AccessShareLock,edb.rls_data:r:AccessShareLock,edb.rls_data,secret,358143333a7da9cc20627b603cd794c419b94ed0aaeb078c8d1bd5cfedb854d7
15,super,select_immutable_function,SELECT,yes,yes,,,,1,a0a6c321c65727b0a32db6bd6d20583dbdd6636929b0a05e789af834f5367b62
15,super,insert_values,INSERT,yes,yes,edb.dml_plain:r:RowExclusiveLock,edb.dml_plain:r:RowExclusiveLock,edb.dml_plain,'x'::text | 1,67a4cc818c4d35511085e40724b4f55c8e82c3c7c5d0106658a0667d2388aadd
15,super,insert_omitted,INSERT,yes,yes,edb.dml_plain:r:RowExclusiveLock,edb.dml_plain:r:RowExclusiveLock,edb.dml_plain,2 | NULL::text,9d72f032fdab7d3dd8881bd3a215f3a0120634d3bc4ad551091f5ba561cc7fc7
15,super,update_simple,UPDATE,yes,yes,edb.dml_plain:r:RowExclusiveLock,edb.dml_plain:r:RowExclusiveLock,edb.dml_plain,'y'::text | ctid,ff80249c03478471162cbb00f32edc7bd15138dd6614adbce1e516839089cf39
15,super,update_from_returning,UPDATE,yes,yes,edb.customers:r:RowExclusiveLock;edb.orders:r:AccessShareLock,edb.customers:r:RowExclusiveLock;edb.customers_id_idx:i:RowExclusiveLock;edb.orders:r:AccessShareLock,edb.customers;edb.orders,c.ctid | c.id | o.amount | o.ctid | o.customer_id | o.note,99e40e879e8391ca27a8bde7d8908bb774b8406aa00751ec1920a23fecf8c891
15,super,delete_simple,DELETE,yes,yes,edb.dml_plain:r:RowExclusiveLock,edb.dml_plain:r:RowExclusiveLock,edb.dml_plain,ctid,d3ba2f508d9fb468685549261dd7591d35d2ef77b2819c5daf2a6b5b5dce3887
15,super,update_trigger,UPDATE,yes,yes,edb.trigger_target:r:RowExclusiveLock,edb.trigger_target:r:RowExclusiveLock,edb.trigger_target,'changed'::text | ctid,31f2011a383d4a8f4b2655d9dbba20372d5d17326e66585405871bca7946365c
15,super,update_rule,UPDATE,yes,yes,edb.audit_log:r:RowExclusiveLock;edb.rule_target:r:AccessShareLock;edb.rule_target:r:RowExclusiveLock,edb.audit_log:r:RowExclusiveLock;edb.rule_target:r:AccessShareLock;edb.rule_target:r:RowExclusiveLock,edb.audit_log;edb.rule_target,'changed'::text | ctid,a876d5a26cb506fea47d096d912ae3c92b31e50ee7362225783d9c70e4e2bcd1
15,regular,select_direct,SELECT,yes,yes,edb.customers:r:AccessShareLock,edb.customers:r:AccessShareLock;edb.customers_id_idx:i:AccessShareLock,edb.customers,name,eecdd7fa1bfb8e521ba133ad039cc608825e22e572f7d87e593a80ecbf3b6a80
15,regular,select_join,SELECT,yes,yes,edb.customers:r:AccessShareLock;edb.orders:r:AccessShareLock,edb.customers:r:AccessShareLock;edb.customers_id_idx:i:AccessShareLock;edb.orders:r:AccessShareLock,edb.customers;edb.orders,c.id | c.name | c.region | c.secret | o.amount | o.customer_id,eaa7b6c8b2a3c39e52fe53008613bfc38ddbe7a4a89d76c4f4da18736fc19511
15,regular,select_view,SELECT,yes,yes,edb.customers:r:AccessShareLock;edb.v_customer:v:AccessShareLock,edb.customers:r:AccessShareLock;edb.customers_id_idx:i:AccessShareLock;edb.v_customer:v:AccessShareLock,edb.customers,c.name,783ecc24725d24e167cc0b9fe3e7ab4c679bab8de31b7e27ebb9451cba34d0fe
15,regular,select_nested_view,SELECT,yes,yes,edb.customers:r:AccessShareLock;edb.v_customer:v:AccessShareLock;edb.v_customer_nested:v:AccessShareLock,edb.customers:r:AccessShareLock;edb.customers_id_idx:i:AccessShareLock;edb.v_customer:v:AccessShareLock;edb.v_customer_nested:v:AccessShareLock,edb.customers,c.name,2007429802bf99ae22e26f1008e6fdc54ef0ac7cf185c19263c994d7b8e6543f
15,regular,select_cte,SELECT,yes,yes,edb.customers:r:AccessShareLock;edb.orders:r:AccessShareLock,edb.customers:r:AccessShareLock;edb.customers_id_idx:i:AccessShareLock;edb.orders:r:AccessShareLock,edb.customers;edb.orders,c.id | c.name | c.region | c.secret | o.amount | o.customer_id,eaa7b6c8b2a3c39e52fe53008613bfc38ddbe7a4a89d76c4f4da18736fc19511
15,regular,select_lateral,SELECT,yes,yes,edb.customers:r:AccessShareLock;edb.orders:r:AccessShareLock,edb.customers:r:AccessShareLock;edb.customers_id_idx:i:AccessShareLock;edb.orders:r:AccessShareLock,edb.customers;edb.orders,(sum(o.amount)) | c.id | c.name | c.region | c.secret | o.amount | o.customer_id | o.note | sum(o.amount),a9d3ffb8077a5b70a59ff2daa7b2f4725b6695fe34f4b2aa1b5ee426933f9ea7
15,regular,select_whole_row,SELECT,yes,yes,edb.customers:r:AccessShareLock,edb.customers:r:AccessShareLock;edb.customers_id_idx:i:AccessShareLock,edb.customers,c.*,87f76c7c76890322d1009e41eebc0571e9f3cea90a7bc3b5e032c8ed2f858996
15,regular,select_system_columns,SELECT,yes,yes,edb.customers:r:AccessShareLock,edb.customers:r:AccessShareLock;edb.customers_id_idx:i:AccessShareLock,edb.customers,ctid | xmin,2d905adb0cfa3128747f2cc7846b9841241cec7cbb7c8b883098fb7f0042787b
15,regular,select_partition,SELECT,yes,yes,edb.p_events:p:AccessShareLock,edb.p_events:p:AccessShareLock;edb.p_events_lo:r:AccessShareLock,edb.p_events_lo,p.payload,0d08f26acab99c4d8444a456eff7959f3d90929c2a8c2bbef2844c0e535ddec6
15,regular,select_inheritance_only,SELECT,yes,yes,edb.i_parent:r:AccessShareLock,edb.i_parent:r:AccessShareLock,edb.i_parent,payload,e36aeeb841079ac037887b894797be46e165b78e6d5bfc336998193366e24452
15,regular,select_rls,SELECT,yes,yes,edb.rls_data:r:AccessShareLock,edb.rls_data:r:AccessShareLock,edb.rls_data,secret,50fc656b35c5eb5f86185d06f644eccace6a920f3ba99003a11733d6e9956ead
15,regular,select_immutable_function,SELECT,yes,yes,,,,1,a0a6c321c65727b0a32db6bd6d20583dbdd6636929b0a05e789af834f5367b62
15,regular,insert_values,INSERT,yes,yes,edb.dml_plain:r:RowExclusiveLock,edb.dml_plain:r:RowExclusiveLock,edb.dml_plain,'x'::text | 1,67a4cc818c4d35511085e40724b4f55c8e82c3c7c5d0106658a0667d2388aadd
15,regular,insert_omitted,INSERT,yes,yes,edb.dml_plain:r:RowExclusiveLock,edb.dml_plain:r:RowExclusiveLock,edb.dml_plain,2 | NULL::text,9d72f032fdab7d3dd8881bd3a215f3a0120634d3bc4ad551091f5ba561cc7fc7
15,regular,update_simple,UPDATE,yes,yes,edb.dml_plain:r:RowExclusiveLock,edb.dml_plain:r:RowExclusiveLock,edb.dml_plain,'y'::text | ctid,ff80249c03478471162cbb00f32edc7bd15138dd6614adbce1e516839089cf39
15,regular,update_from_returning,UPDATE,yes,yes,edb.customers:r:RowExclusiveLock;edb.orders:r:AccessShareLock,edb.customers:r:RowExclusiveLock;edb.customers_id_idx:i:RowExclusiveLock;edb.orders:r:AccessShareLock,edb.customers;edb.orders,c.ctid | c.id | o.amount | o.ctid | o.customer_id | o.note,99e40e879e8391ca27a8bde7d8908bb774b8406aa00751ec1920a23fecf8c891
15,regular,delete_simple,DELETE,yes,yes,edb.dml_plain:r:RowExclusiveLock,edb.dml_plain:r:RowExclusiveLock,edb.dml_plain,ctid,d3ba2f508d9fb468685549261dd7591d35d2ef77b2819c5daf2a6b5b5dce3887
15,regular,update_trigger,UPDATE,yes,yes,edb.trigger_target:r:RowExclusiveLock,edb.trigger_target:r:RowExclusiveLock,edb.trigger_target,'changed'::text | ctid,31f2011a383d4a8f4b2655d9dbba20372d5d17326e66585405871bca7946365c
15,regular,update_rule,UPDATE,yes,yes,edb.audit_log:r:RowExclusiveLock;edb.rule_target:r:AccessShareLock;edb.rule_target:r:RowExclusiveLock,edb.audit_log:r:RowExclusiveLock;edb.rule_target:r:AccessShareLock;edb.rule_target:r:RowExclusiveLock,edb.audit_log;edb.rule_target,'changed'::text | ctid,a876d5a26cb506fea47d096d912ae3c92b31e50ee7362225783d9c70e4e2bcd1
16,super,select_direct,SELECT,yes,yes,edb.customers:r:AccessShareLock,edb.customers:r:AccessShareLock;edb.customers_id_idx:i:AccessShareLock,edb.customers,name,eecdd7fa1bfb8e521ba133ad039cc608825e22e572f7d87e593a80ecbf3b6a80
16,super,select_join,SELECT,yes,yes,edb.customers:r:AccessShareLock;edb.orders:r:AccessShareLock,edb.customers:r:AccessShareLock;edb.customers_id_idx:i:AccessShareLock;edb.orders:r:AccessShareLock,edb.customers;edb.orders,c.id | c.name | c.region | c.secret | o.amount | o.customer_id,eaa7b6c8b2a3c39e52fe53008613bfc38ddbe7a4a89d76c4f4da18736fc19511
16,super,select_view,SELECT,yes,yes,edb.customers:r:AccessShareLock;edb.v_customer:v:AccessShareLock,edb.customers:r:AccessShareLock;edb.customers_id_idx:i:AccessShareLock;edb.v_customer:v:AccessShareLock,edb.customers,c.name,783ecc24725d24e167cc0b9fe3e7ab4c679bab8de31b7e27ebb9451cba34d0fe
16,super,select_nested_view,SELECT,yes,yes,edb.customers:r:AccessShareLock;edb.v_customer:v:AccessShareLock;edb.v_customer_nested:v:AccessShareLock,edb.customers:r:AccessShareLock;edb.customers_id_idx:i:AccessShareLock;edb.v_customer:v:AccessShareLock;edb.v_customer_nested:v:AccessShareLock,edb.customers,c.name,2007429802bf99ae22e26f1008e6fdc54ef0ac7cf185c19263c994d7b8e6543f
16,super,select_cte,SELECT,yes,yes,edb.customers:r:AccessShareLock;edb.orders:r:AccessShareLock,edb.customers:r:AccessShareLock;edb.customers_id_idx:i:AccessShareLock;edb.orders:r:AccessShareLock,edb.customers;edb.orders,c.id | c.name | c.region | c.secret | o.amount | o.customer_id,eaa7b6c8b2a3c39e52fe53008613bfc38ddbe7a4a89d76c4f4da18736fc19511
16,super,select_lateral,SELECT,yes,yes,edb.customers:r:AccessShareLock;edb.orders:r:AccessShareLock,edb.customers:r:AccessShareLock;edb.customers_id_idx:i:AccessShareLock;edb.orders:r:AccessShareLock,edb.customers;edb.orders,(sum(o.amount)) | c.id | c.name | c.region | c.secret | o.amount | o.customer_id | o.note | sum(o.amount),a9d3ffb8077a5b70a59ff2daa7b2f4725b6695fe34f4b2aa1b5ee426933f9ea7
16,super,select_whole_row,SELECT,yes,yes,edb.customers:r:AccessShareLock,edb.customers:r:AccessShareLock;edb.customers_id_idx:i:AccessShareLock,edb.customers,c.*,87f76c7c76890322d1009e41eebc0571e9f3cea90a7bc3b5e032c8ed2f858996
16,super,select_system_columns,SELECT,yes,yes,edb.customers:r:AccessShareLock,edb.customers:r:AccessShareLock;edb.customers_id_idx:i:AccessShareLock,edb.customers,ctid | xmin,2d905adb0cfa3128747f2cc7846b9841241cec7cbb7c8b883098fb7f0042787b
16,super,select_partition,SELECT,yes,yes,edb.p_events:p:AccessShareLock,edb.p_events:p:AccessShareLock;edb.p_events_lo:r:AccessShareLock,edb.p_events_lo,p.payload,0d08f26acab99c4d8444a456eff7959f3d90929c2a8c2bbef2844c0e535ddec6
16,super,select_inheritance_only,SELECT,yes,yes,edb.i_parent:r:AccessShareLock,edb.i_parent:r:AccessShareLock,edb.i_parent,payload,e36aeeb841079ac037887b894797be46e165b78e6d5bfc336998193366e24452
16,super,select_rls,SELECT,yes,yes,edb.rls_data:r:AccessShareLock,edb.rls_data:r:AccessShareLock,edb.rls_data,secret,358143333a7da9cc20627b603cd794c419b94ed0aaeb078c8d1bd5cfedb854d7
16,super,select_immutable_function,SELECT,yes,yes,,,,1,a0a6c321c65727b0a32db6bd6d20583dbdd6636929b0a05e789af834f5367b62
16,super,insert_values,INSERT,yes,yes,edb.dml_plain:r:RowExclusiveLock,edb.dml_plain:r:RowExclusiveLock,edb.dml_plain,'x'::text | 1,67a4cc818c4d35511085e40724b4f55c8e82c3c7c5d0106658a0667d2388aadd
16,super,insert_omitted,INSERT,yes,yes,edb.dml_plain:r:RowExclusiveLock,edb.dml_plain:r:RowExclusiveLock,edb.dml_plain,2 | NULL::text,9d72f032fdab7d3dd8881bd3a215f3a0120634d3bc4ad551091f5ba561cc7fc7
16,super,update_simple,UPDATE,yes,yes,edb.dml_plain:r:RowExclusiveLock,edb.dml_plain:r:RowExclusiveLock,edb.dml_plain,'y'::text | ctid,ff80249c03478471162cbb00f32edc7bd15138dd6614adbce1e516839089cf39
16,super,update_from_returning,UPDATE,yes,yes,edb.customers:r:RowExclusiveLock;edb.orders:r:AccessShareLock,edb.customers:r:RowExclusiveLock;edb.customers_id_idx:i:RowExclusiveLock;edb.orders:r:AccessShareLock,edb.customers;edb.orders,c.ctid | c.id | o.amount | o.ctid | o.customer_id | o.note,99e40e879e8391ca27a8bde7d8908bb774b8406aa00751ec1920a23fecf8c891
16,super,delete_simple,DELETE,yes,yes,edb.dml_plain:r:RowExclusiveLock,edb.dml_plain:r:RowExclusiveLock,edb.dml_plain,ctid,d3ba2f508d9fb468685549261dd7591d35d2ef77b2819c5daf2a6b5b5dce3887
16,super,update_trigger,UPDATE,yes,yes,edb.trigger_target:r:RowExclusiveLock,edb.trigger_target:r:RowExclusiveLock,edb.trigger_target,'changed'::text | ctid,31f2011a383d4a8f4b2655d9dbba20372d5d17326e66585405871bca7946365c
16,super,update_rule,UPDATE,yes,yes,edb.audit_log:r:RowExclusiveLock;edb.rule_target:r:AccessShareLock;edb.rule_target:r:RowExclusiveLock,edb.audit_log:r:RowExclusiveLock;edb.rule_target:r:AccessShareLock;edb.rule_target:r:RowExclusiveLock,edb.audit_log;edb.rule_target,'changed'::text | ctid,a876d5a26cb506fea47d096d912ae3c92b31e50ee7362225783d9c70e4e2bcd1
16,regular,select_direct,SELECT,yes,yes,edb.customers:r:AccessShareLock,edb.customers:r:AccessShareLock;edb.customers_id_idx:i:AccessShareLock,edb.customers,name,eecdd7fa1bfb8e521ba133ad039cc608825e22e572f7d87e593a80ecbf3b6a80
16,regular,select_join,SELECT,yes,yes,edb.customers:r:AccessShareLock;edb.orders:r:AccessShareLock,edb.customers:r:AccessShareLock;edb.customers_id_idx:i:AccessShareLock;edb.orders:r:AccessShareLock,edb.customers;edb.orders,c.id | c.name | c.region | c.secret | o.amount | o.customer_id,eaa7b6c8b2a3c39e52fe53008613bfc38ddbe7a4a89d76c4f4da18736fc19511
16,regular,select_view,SELECT,yes,yes,edb.customers:r:AccessShareLock;edb.v_customer:v:AccessShareLock,edb.customers:r:AccessShareLock;edb.customers_id_idx:i:AccessShareLock;edb.v_customer:v:AccessShareLock,edb.customers,c.name,783ecc24725d24e167cc0b9fe3e7ab4c679bab8de31b7e27ebb9451cba34d0fe
16,regular,select_nested_view,SELECT,yes,yes,edb.customers:r:AccessShareLock;edb.v_customer:v:AccessShareLock;edb.v_customer_nested:v:AccessShareLock,edb.customers:r:AccessShareLock;edb.customers_id_idx:i:AccessShareLock;edb.v_customer:v:AccessShareLock;edb.v_customer_nested:v:AccessShareLock,edb.customers,c.name,2007429802bf99ae22e26f1008e6fdc54ef0ac7cf185c19263c994d7b8e6543f
16,regular,select_cte,SELECT,yes,yes,edb.customers:r:AccessShareLock;edb.orders:r:AccessShareLock,edb.customers:r:AccessShareLock;edb.customers_id_idx:i:AccessShareLock;edb.orders:r:AccessShareLock,edb.customers;edb.orders,c.id | c.name | c.region | c.secret | o.amount | o.customer_id,eaa7b6c8b2a3c39e52fe53008613bfc38ddbe7a4a89d76c4f4da18736fc19511
16,regular,select_lateral,SELECT,yes,yes,edb.customers:r:AccessShareLock;edb.orders:r:AccessShareLock,edb.customers:r:AccessShareLock;edb.customers_id_idx:i:AccessShareLock;edb.orders:r:AccessShareLock,edb.customers;edb.orders,(sum(o.amount)) | c.id | c.name | c.region | c.secret | o.amount | o.customer_id | o.note | sum(o.amount),a9d3ffb8077a5b70a59ff2daa7b2f4725b6695fe34f4b2aa1b5ee426933f9ea7
16,regular,select_whole_row,SELECT,yes,yes,edb.customers:r:AccessShareLock,edb.customers:r:AccessShareLock;edb.customers_id_idx:i:AccessShareLock,edb.customers,c.*,87f76c7c76890322d1009e41eebc0571e9f3cea90a7bc3b5e032c8ed2f858996
16,regular,select_system_columns,SELECT,yes,yes,edb.customers:r:AccessShareLock,edb.customers:r:AccessShareLock;edb.customers_id_idx:i:AccessShareLock,edb.customers,ctid | xmin,2d905adb0cfa3128747f2cc7846b9841241cec7cbb7c8b883098fb7f0042787b
16,regular,select_partition,SELECT,yes,yes,edb.p_events:p:AccessShareLock,edb.p_events:p:AccessShareLock;edb.p_events_lo:r:AccessShareLock,edb.p_events_lo,p.payload,0d08f26acab99c4d8444a456eff7959f3d90929c2a8c2bbef2844c0e535ddec6
16,regular,select_inheritance_only,SELECT,yes,yes,edb.i_parent:r:AccessShareLock,edb.i_parent:r:AccessShareLock,edb.i_parent,payload,e36aeeb841079ac037887b894797be46e165b78e6d5bfc336998193366e24452
16,regular,select_rls,SELECT,yes,yes,edb.rls_data:r:AccessShareLock,edb.rls_data:r:AccessShareLock,edb.rls_data,secret,50fc656b35c5eb5f86185d06f644eccace6a920f3ba99003a11733d6e9956ead
16,regular,select_immutable_function,SELECT,yes,yes,,,,1,a0a6c321c65727b0a32db6bd6d20583dbdd6636929b0a05e789af834f5367b62
16,regular,insert_values,INSERT,yes,yes,edb.dml_plain:r:RowExclusiveLock,edb.dml_plain:r:RowExclusiveLock,edb.dml_plain,'x'::text | 1,67a4cc818c4d35511085e40724b4f55c8e82c3c7c5d0106658a0667d2388aadd
16,regular,insert_omitted,INSERT,yes,yes,edb.dml_plain:r:RowExclusiveLock,edb.dml_plain:r:RowExclusiveLock,edb.dml_plain,2 | NULL::text,9d72f032fdab7d3dd8881bd3a215f3a0120634d3bc4ad551091f5ba561cc7fc7
16,regular,update_simple,UPDATE,yes,yes,edb.dml_plain:r:RowExclusiveLock,edb.dml_plain:r:RowExclusiveLock,edb.dml_plain,'y'::text | ctid,ff80249c03478471162cbb00f32edc7bd15138dd6614adbce1e516839089cf39
16,regular,update_from_returning,UPDATE,yes,yes,edb.customers:r:RowExclusiveLock;edb.orders:r:AccessShareLock,edb.customers:r:RowExclusiveLock;edb.customers_id_idx:i:RowExclusiveLock;edb.orders:r:AccessShareLock,edb.customers;edb.orders,c.ctid | c.id | o.amount | o.ctid | o.customer_id | o.note,99e40e879e8391ca27a8bde7d8908bb774b8406aa00751ec1920a23fecf8c891
16,regular,delete_simple,DELETE,yes,yes,edb.dml_plain:r:RowExclusiveLock,edb.dml_plain:r:RowExclusiveLock,edb.dml_plain,ctid,d3ba2f508d9fb468685549261dd7591d35d2ef77b2819c5daf2a6b5b5dce3887
16,regular,update_trigger,UPDATE,yes,yes,edb.trigger_target:r:RowExclusiveLock,edb.trigger_target:r:RowExclusiveLock,edb.trigger_target,'changed'::text | ctid,31f2011a383d4a8f4b2655d9dbba20372d5d17326e66585405871bca7946365c
16,regular,update_rule,UPDATE,yes,yes,edb.audit_log:r:RowExclusiveLock;edb.rule_target:r:AccessShareLock;edb.rule_target:r:RowExclusiveLock,edb.audit_log:r:RowExclusiveLock;edb.rule_target:r:AccessShareLock;edb.rule_target:r:RowExclusiveLock,edb.audit_log;edb.rule_target,'changed'::text | ctid,a876d5a26cb506fea47d096d912ae3c92b31e50ee7362225783d9c70e4e2bcd1
17,super,select_direct,SELECT,yes,yes,edb.customers:r:AccessShareLock,edb.customers:r:AccessShareLock;edb.customers_id_idx:i:AccessShareLock,edb.customers,name,eecdd7fa1bfb8e521ba133ad039cc608825e22e572f7d87e593a80ecbf3b6a80
17,super,select_join,SELECT,yes,yes,edb.customers:r:AccessShareLock;edb.orders:r:AccessShareLock,edb.customers:r:AccessShareLock;edb.customers_id_idx:i:AccessShareLock;edb.orders:r:AccessShareLock,edb.customers;edb.orders,c.id | c.name | c.region | c.secret | o.amount | o.customer_id,eaa7b6c8b2a3c39e52fe53008613bfc38ddbe7a4a89d76c4f4da18736fc19511
17,super,select_view,SELECT,yes,yes,edb.customers:r:AccessShareLock;edb.v_customer:v:AccessShareLock,edb.customers:r:AccessShareLock;edb.customers_id_idx:i:AccessShareLock;edb.v_customer:v:AccessShareLock,edb.customers,c.name,783ecc24725d24e167cc0b9fe3e7ab4c679bab8de31b7e27ebb9451cba34d0fe
17,super,select_nested_view,SELECT,yes,yes,edb.customers:r:AccessShareLock;edb.v_customer:v:AccessShareLock;edb.v_customer_nested:v:AccessShareLock,edb.customers:r:AccessShareLock;edb.customers_id_idx:i:AccessShareLock;edb.v_customer:v:AccessShareLock;edb.v_customer_nested:v:AccessShareLock,edb.customers,c.name,2007429802bf99ae22e26f1008e6fdc54ef0ac7cf185c19263c994d7b8e6543f
17,super,select_cte,SELECT,yes,yes,edb.customers:r:AccessShareLock;edb.orders:r:AccessShareLock,edb.customers:r:AccessShareLock;edb.customers_id_idx:i:AccessShareLock;edb.orders:r:AccessShareLock,edb.customers;edb.orders,c.id | c.name | c.region | c.secret | o.amount | o.customer_id,eaa7b6c8b2a3c39e52fe53008613bfc38ddbe7a4a89d76c4f4da18736fc19511
17,super,select_lateral,SELECT,yes,yes,edb.customers:r:AccessShareLock;edb.orders:r:AccessShareLock,edb.customers:r:AccessShareLock;edb.customers_id_idx:i:AccessShareLock;edb.orders:r:AccessShareLock,edb.customers;edb.orders,(sum(o.amount)) | c.id | c.name | c.region | c.secret | o.amount | o.customer_id | o.note | sum(o.amount),a9d3ffb8077a5b70a59ff2daa7b2f4725b6695fe34f4b2aa1b5ee426933f9ea7
17,super,select_whole_row,SELECT,yes,yes,edb.customers:r:AccessShareLock,edb.customers:r:AccessShareLock;edb.customers_id_idx:i:AccessShareLock,edb.customers,c.*,87f76c7c76890322d1009e41eebc0571e9f3cea90a7bc3b5e032c8ed2f858996
17,super,select_system_columns,SELECT,yes,yes,edb.customers:r:AccessShareLock,edb.customers:r:AccessShareLock;edb.customers_id_idx:i:AccessShareLock,edb.customers,ctid | xmin,2d905adb0cfa3128747f2cc7846b9841241cec7cbb7c8b883098fb7f0042787b
17,super,select_partition,SELECT,yes,yes,edb.p_events:p:AccessShareLock,edb.p_events:p:AccessShareLock;edb.p_events_lo:r:AccessShareLock,edb.p_events_lo,p.payload,0d08f26acab99c4d8444a456eff7959f3d90929c2a8c2bbef2844c0e535ddec6
17,super,select_inheritance_only,SELECT,yes,yes,edb.i_parent:r:AccessShareLock,edb.i_parent:r:AccessShareLock,edb.i_parent,payload,e36aeeb841079ac037887b894797be46e165b78e6d5bfc336998193366e24452
17,super,select_rls,SELECT,yes,yes,edb.rls_data:r:AccessShareLock,edb.rls_data:r:AccessShareLock,edb.rls_data,secret,358143333a7da9cc20627b603cd794c419b94ed0aaeb078c8d1bd5cfedb854d7
17,super,select_immutable_function,SELECT,yes,yes,,,,1,a0a6c321c65727b0a32db6bd6d20583dbdd6636929b0a05e789af834f5367b62
17,super,insert_values,INSERT,yes,yes,edb.dml_plain:r:RowExclusiveLock,edb.dml_plain:r:RowExclusiveLock,edb.dml_plain,'x'::text | 1,67a4cc818c4d35511085e40724b4f55c8e82c3c7c5d0106658a0667d2388aadd
17,super,insert_omitted,INSERT,yes,yes,edb.dml_plain:r:RowExclusiveLock,edb.dml_plain:r:RowExclusiveLock,edb.dml_plain,2 | NULL::text,9d72f032fdab7d3dd8881bd3a215f3a0120634d3bc4ad551091f5ba561cc7fc7
17,super,update_simple,UPDATE,yes,yes,edb.dml_plain:r:RowExclusiveLock,edb.dml_plain:r:RowExclusiveLock,edb.dml_plain,'y'::text | ctid,ff80249c03478471162cbb00f32edc7bd15138dd6614adbce1e516839089cf39
17,super,update_from_returning,UPDATE,yes,yes,edb.customers:r:RowExclusiveLock;edb.orders:r:AccessShareLock,edb.customers:r:RowExclusiveLock;edb.customers_id_idx:i:RowExclusiveLock;edb.orders:r:AccessShareLock,edb.customers;edb.orders,c.ctid | c.id | o.amount | o.ctid | o.customer_id | o.note,99e40e879e8391ca27a8bde7d8908bb774b8406aa00751ec1920a23fecf8c891
17,super,delete_simple,DELETE,yes,yes,edb.dml_plain:r:RowExclusiveLock,edb.dml_plain:r:RowExclusiveLock,edb.dml_plain,ctid,d3ba2f508d9fb468685549261dd7591d35d2ef77b2819c5daf2a6b5b5dce3887
17,super,update_trigger,UPDATE,yes,yes,edb.trigger_target:r:RowExclusiveLock,edb.trigger_target:r:RowExclusiveLock,edb.trigger_target,'changed'::text | ctid,31f2011a383d4a8f4b2655d9dbba20372d5d17326e66585405871bca7946365c
17,super,update_rule,UPDATE,yes,yes,edb.audit_log:r:RowExclusiveLock;edb.rule_target:r:AccessShareLock;edb.rule_target:r:RowExclusiveLock,edb.audit_log:r:RowExclusiveLock;edb.rule_target:r:AccessShareLock;edb.rule_target:r:RowExclusiveLock,edb.audit_log;edb.rule_target,'changed'::text | ctid,a876d5a26cb506fea47d096d912ae3c92b31e50ee7362225783d9c70e4e2bcd1
17,regular,select_direct,SELECT,yes,yes,edb.customers:r:AccessShareLock,edb.customers:r:AccessShareLock;edb.customers_id_idx:i:AccessShareLock,edb.customers,name,eecdd7fa1bfb8e521ba133ad039cc608825e22e572f7d87e593a80ecbf3b6a80
17,regular,select_join,SELECT,yes,yes,edb.customers:r:AccessShareLock;edb.orders:r:AccessShareLock,edb.customers:r:AccessShareLock;edb.customers_id_idx:i:AccessShareLock;edb.orders:r:AccessShareLock,edb.customers;edb.orders,c.id | c.name | c.region | c.secret | o.amount | o.customer_id,eaa7b6c8b2a3c39e52fe53008613bfc38ddbe7a4a89d76c4f4da18736fc19511
17,regular,select_view,SELECT,yes,yes,edb.customers:r:AccessShareLock;edb.v_customer:v:AccessShareLock,edb.customers:r:AccessShareLock;edb.customers_id_idx:i:AccessShareLock;edb.v_customer:v:AccessShareLock,edb.customers,c.name,783ecc24725d24e167cc0b9fe3e7ab4c679bab8de31b7e27ebb9451cba34d0fe
17,regular,select_nested_view,SELECT,yes,yes,edb.customers:r:AccessShareLock;edb.v_customer:v:AccessShareLock;edb.v_customer_nested:v:AccessShareLock,edb.customers:r:AccessShareLock;edb.customers_id_idx:i:AccessShareLock;edb.v_customer:v:AccessShareLock;edb.v_customer_nested:v:AccessShareLock,edb.customers,c.name,2007429802bf99ae22e26f1008e6fdc54ef0ac7cf185c19263c994d7b8e6543f
17,regular,select_cte,SELECT,yes,yes,edb.customers:r:AccessShareLock;edb.orders:r:AccessShareLock,edb.customers:r:AccessShareLock;edb.customers_id_idx:i:AccessShareLock;edb.orders:r:AccessShareLock,edb.customers;edb.orders,c.id | c.name | c.region | c.secret | o.amount | o.customer_id,eaa7b6c8b2a3c39e52fe53008613bfc38ddbe7a4a89d76c4f4da18736fc19511
17,regular,select_lateral,SELECT,yes,yes,edb.customers:r:AccessShareLock;edb.orders:r:AccessShareLock,edb.customers:r:AccessShareLock;edb.customers_id_idx:i:AccessShareLock;edb.orders:r:AccessShareLock,edb.customers;edb.orders,(sum(o.amount)) | c.id | c.name | c.region | c.secret | o.amount | o.customer_id | o.note | sum(o.amount),a9d3ffb8077a5b70a59ff2daa7b2f4725b6695fe34f4b2aa1b5ee426933f9ea7
17,regular,select_whole_row,SELECT,yes,yes,edb.customers:r:AccessShareLock,edb.customers:r:AccessShareLock;edb.customers_id_idx:i:AccessShareLock,edb.customers,c.*,87f76c7c76890322d1009e41eebc0571e9f3cea90a7bc3b5e032c8ed2f858996
17,regular,select_system_columns,SELECT,yes,yes,edb.customers:r:AccessShareLock,edb.customers:r:AccessShareLock;edb.customers_id_idx:i:AccessShareLock,edb.customers,ctid | xmin,2d905adb0cfa3128747f2cc7846b9841241cec7cbb7c8b883098fb7f0042787b
17,regular,select_partition,SELECT,yes,yes,edb.p_events:p:AccessShareLock,edb.p_events:p:AccessShareLock;edb.p_events_lo:r:AccessShareLock,edb.p_events_lo,p.payload,0d08f26acab99c4d8444a456eff7959f3d90929c2a8c2bbef2844c0e535ddec6
17,regular,select_inheritance_only,SELECT,yes,yes,edb.i_parent:r:AccessShareLock,edb.i_parent:r:AccessShareLock,edb.i_parent,payload,e36aeeb841079ac037887b894797be46e165b78e6d5bfc336998193366e24452
17,regular,select_rls,SELECT,yes,yes,edb.rls_data:r:AccessShareLock,edb.rls_data:r:AccessShareLock,edb.rls_data,secret,50fc656b35c5eb5f86185d06f644eccace6a920f3ba99003a11733d6e9956ead
17,regular,select_immutable_function,SELECT,yes,yes,,,,1,a0a6c321c65727b0a32db6bd6d20583dbdd6636929b0a05e789af834f5367b62
17,regular,insert_values,INSERT,yes,yes,edb.dml_plain:r:RowExclusiveLock,edb.dml_plain:r:RowExclusiveLock,edb.dml_plain,'x'::text | 1,67a4cc818c4d35511085e40724b4f55c8e82c3c7c5d0106658a0667d2388aadd
17,regular,insert_omitted,INSERT,yes,yes,edb.dml_plain:r:RowExclusiveLock,edb.dml_plain:r:RowExclusiveLock,edb.dml_plain,2 | NULL::text,9d72f032fdab7d3dd8881bd3a215f3a0120634d3bc4ad551091f5ba561cc7fc7
17,regular,update_simple,UPDATE,yes,yes,edb.dml_plain:r:RowExclusiveLock,edb.dml_plain:r:RowExclusiveLock,edb.dml_plain,'y'::text | ctid,ff80249c03478471162cbb00f32edc7bd15138dd6614adbce1e516839089cf39
17,regular,update_from_returning,UPDATE,yes,yes,edb.customers:r:RowExclusiveLock;edb.orders:r:AccessShareLock,edb.customers:r:RowExclusiveLock;edb.customers_id_idx:i:RowExclusiveLock;edb.orders:r:AccessShareLock,edb.customers;edb.orders,c.ctid | c.id | o.amount | o.ctid | o.customer_id | o.note,99e40e879e8391ca27a8bde7d8908bb774b8406aa00751ec1920a23fecf8c891
17,regular,delete_simple,DELETE,yes,yes,edb.dml_plain:r:RowExclusiveLock,edb.dml_plain:r:RowExclusiveLock,edb.dml_plain,ctid,d3ba2f508d9fb468685549261dd7591d35d2ef77b2819c5daf2a6b5b5dce3887
17,regular,update_trigger,UPDATE,yes,yes,edb.trigger_target:r:RowExclusiveLock,edb.trigger_target:r:RowExclusiveLock,edb.trigger_target,'changed'::text | ctid,31f2011a383d4a8f4b2655d9dbba20372d5d17326e66585405871bca7946365c
17,regular,update_rule,UPDATE,yes,yes,edb.audit_log:r:RowExclusiveLock;edb.rule_target:r:AccessShareLock;edb.rule_target:r:RowExclusiveLock,edb.audit_log:r:RowExclusiveLock;edb.rule_target:r:AccessShareLock;edb.rule_target:r:RowExclusiveLock,edb.audit_log;edb.rule_target,'changed'::text | ctid,a876d5a26cb506fea47d096d912ae3c92b31e50ee7362225783d9c70e4e2bcd1
18,super,select_direct,SELECT,yes,yes,edb.customers:r:AccessShareLock,edb.customers:r:AccessShareLock;edb.customers_id_idx:i:AccessShareLock,edb.customers,name,43c7011a71d3b9b9e9d797d344e2a4e47e4413bcbe8ed4d2190bc861f6f540db
18,super,select_join,SELECT,yes,yes,edb.customers:r:AccessShareLock;edb.orders:r:AccessShareLock,edb.customers:r:AccessShareLock;edb.customers_id_idx:i:AccessShareLock;edb.orders:r:AccessShareLock,edb.customers;edb.orders,c.id | c.name | c.region | c.secret | o.amount | o.customer_id,c2c38735e8c060301ca1cd2320d9edb5d850c155eedfacde98fd2a222a72dacb
18,super,select_view,SELECT,yes,yes,edb.customers:r:AccessShareLock;edb.v_customer:v:AccessShareLock,edb.customers:r:AccessShareLock;edb.customers_id_idx:i:AccessShareLock;edb.v_customer:v:AccessShareLock,edb.customers,c.name,abae88b4f37f191244bc60930d9673f8fffc5afd0a201b936000771a2122b4be
18,super,select_nested_view,SELECT,yes,yes,edb.customers:r:AccessShareLock;edb.v_customer:v:AccessShareLock;edb.v_customer_nested:v:AccessShareLock,edb.customers:r:AccessShareLock;edb.customers_id_idx:i:AccessShareLock;edb.v_customer:v:AccessShareLock;edb.v_customer_nested:v:AccessShareLock,edb.customers,c.name,ac19c164e98f7bd97788e3b450adec6e45575517d053de3022500cef8da4941c
18,super,select_cte,SELECT,yes,yes,edb.customers:r:AccessShareLock;edb.orders:r:AccessShareLock,edb.customers:r:AccessShareLock;edb.customers_id_idx:i:AccessShareLock;edb.orders:r:AccessShareLock,edb.customers;edb.orders,c.id | c.name | c.region | c.secret | o.amount | o.customer_id,c2c38735e8c060301ca1cd2320d9edb5d850c155eedfacde98fd2a222a72dacb
18,super,select_lateral,SELECT,yes,yes,edb.customers:r:AccessShareLock;edb.orders:r:AccessShareLock,edb.customers:r:AccessShareLock;edb.customers_id_idx:i:AccessShareLock;edb.orders:r:AccessShareLock,edb.customers;edb.orders,(sum(o.amount)) | c.id | c.name | c.region | c.secret | o.amount | o.customer_id | o.note | sum(o.amount),56d9a3ddb38863a691e483842a1d0c9f0a2ebd609dc546823a1dcfcea5f22794
18,super,select_whole_row,SELECT,yes,yes,edb.customers:r:AccessShareLock,edb.customers:r:AccessShareLock;edb.customers_id_idx:i:AccessShareLock,edb.customers,c.*,788a625464e8e7ed4b7387c64c971295af3da58b7f7ebc5e3cc8f9e4c13da8f4
18,super,select_system_columns,SELECT,yes,yes,edb.customers:r:AccessShareLock,edb.customers:r:AccessShareLock;edb.customers_id_idx:i:AccessShareLock,edb.customers,ctid | xmin,66259754b47c53469c48af8c267bd2346b9fa558dd452818a0dd45be6df947da
18,super,select_partition,SELECT,yes,yes,edb.p_events:p:AccessShareLock,edb.p_events:p:AccessShareLock;edb.p_events_lo:r:AccessShareLock,edb.p_events_lo,p.payload,a9e68c9d446ceea15fd0187ce21162261a66237a7b81b69ca8462d37e2aea2c9
18,super,select_inheritance_only,SELECT,yes,yes,edb.i_parent:r:AccessShareLock,edb.i_parent:r:AccessShareLock,edb.i_parent,payload,3651510e8ee29cc1140f43072670783f87c22800b30437a4e6e7541d083427a8
18,super,select_rls,SELECT,yes,yes,edb.rls_data:r:AccessShareLock,edb.rls_data:r:AccessShareLock,edb.rls_data,secret,afa9855375a2336278269b3cc061a36e81d169892af05331764eaa248fb3c823
18,super,select_immutable_function,SELECT,yes,yes,,,,1,14ac2603056782fa50241f85ab4546be2f9a0b2df7b2cd1db529ba6fa06ce8cd
18,super,insert_values,INSERT,yes,yes,edb.dml_plain:r:RowExclusiveLock,edb.dml_plain:r:RowExclusiveLock,edb.dml_plain,'x'::text | 1,76ac77020de0397f86ec2492d7fa005e4b48a20d12bc7b0d64a720f87643f509
18,super,insert_omitted,INSERT,yes,yes,edb.dml_plain:r:RowExclusiveLock,edb.dml_plain:r:RowExclusiveLock,edb.dml_plain,2 | NULL::text,4b4b13372cd21c27bbcfd8fdf3e1db92fa02dcfaf7bf4e3d3c6f94182d9bf438
18,super,update_simple,UPDATE,yes,yes,edb.dml_plain:r:RowExclusiveLock,edb.dml_plain:r:RowExclusiveLock,edb.dml_plain,'y'::text | ctid,63d92b0c8949e0f476ca6c0343f1b3a74df26bf861f66908e6df74db3ec9a1ec
18,super,update_from_returning,UPDATE,yes,yes,edb.customers:r:RowExclusiveLock;edb.orders:r:AccessShareLock,edb.customers:r:RowExclusiveLock;edb.customers_id_idx:i:RowExclusiveLock;edb.orders:r:AccessShareLock,edb.customers;edb.orders,c.ctid | c.id | o.amount | o.ctid | o.customer_id | o.note,1e118c667c2dc45fa16ba9b71afc4847d64c42e600a6cdde28d870b3523bda73
18,super,delete_simple,DELETE,yes,yes,edb.dml_plain:r:RowExclusiveLock,edb.dml_plain:r:RowExclusiveLock,edb.dml_plain,ctid,1da5bef6e057ce0539456f51857af9a07954b40faa3a4025faf3fdfa9bfb4c9a
18,super,update_trigger,UPDATE,yes,yes,edb.trigger_target:r:RowExclusiveLock,edb.trigger_target:r:RowExclusiveLock,edb.trigger_target,'changed'::text | ctid,b9605354e1f6c6217877fa2630b4fa19f2815949ef2909a59996c72b6965d227
18,super,update_rule,UPDATE,yes,yes,edb.audit_log:r:RowExclusiveLock;edb.rule_target:r:AccessShareLock;edb.rule_target:r:RowExclusiveLock,edb.audit_log:r:RowExclusiveLock;edb.rule_target:r:AccessShareLock;edb.rule_target:r:RowExclusiveLock,edb.audit_log;edb.rule_target,'changed'::text | ctid,3bebc99dfb6ff4f79771df22d23eeceebdc82b23cc362965aafc568a29658466
18,regular,select_direct,SELECT,yes,yes,edb.customers:r:AccessShareLock,edb.customers:r:AccessShareLock;edb.customers_id_idx:i:AccessShareLock,edb.customers,name,43c7011a71d3b9b9e9d797d344e2a4e47e4413bcbe8ed4d2190bc861f6f540db
18,regular,select_join,SELECT,yes,yes,edb.customers:r:AccessShareLock;edb.orders:r:AccessShareLock,edb.customers:r:AccessShareLock;edb.customers_id_idx:i:AccessShareLock;edb.orders:r:AccessShareLock,edb.customers;edb.orders,c.id | c.name | c.region | c.secret | o.amount | o.customer_id,c2c38735e8c060301ca1cd2320d9edb5d850c155eedfacde98fd2a222a72dacb
18,regular,select_view,SELECT,yes,yes,edb.customers:r:AccessShareLock;edb.v_customer:v:AccessShareLock,edb.customers:r:AccessShareLock;edb.customers_id_idx:i:AccessShareLock;edb.v_customer:v:AccessShareLock,edb.customers,c.name,abae88b4f37f191244bc60930d9673f8fffc5afd0a201b936000771a2122b4be
18,regular,select_nested_view,SELECT,yes,yes,edb.customers:r:AccessShareLock;edb.v_customer:v:AccessShareLock;edb.v_customer_nested:v:AccessShareLock,edb.customers:r:AccessShareLock;edb.customers_id_idx:i:AccessShareLock;edb.v_customer:v:AccessShareLock;edb.v_customer_nested:v:AccessShareLock,edb.customers,c.name,ac19c164e98f7bd97788e3b450adec6e45575517d053de3022500cef8da4941c
18,regular,select_cte,SELECT,yes,yes,edb.customers:r:AccessShareLock;edb.orders:r:AccessShareLock,edb.customers:r:AccessShareLock;edb.customers_id_idx:i:AccessShareLock;edb.orders:r:AccessShareLock,edb.customers;edb.orders,c.id | c.name | c.region | c.secret | o.amount | o.customer_id,c2c38735e8c060301ca1cd2320d9edb5d850c155eedfacde98fd2a222a72dacb
18,regular,select_lateral,SELECT,yes,yes,edb.customers:r:AccessShareLock;edb.orders:r:AccessShareLock,edb.customers:r:AccessShareLock;edb.customers_id_idx:i:AccessShareLock;edb.orders:r:AccessShareLock,edb.customers;edb.orders,(sum(o.amount)) | c.id | c.name | c.region | c.secret | o.amount | o.customer_id | o.note | sum(o.amount),56d9a3ddb38863a691e483842a1d0c9f0a2ebd609dc546823a1dcfcea5f22794
18,regular,select_whole_row,SELECT,yes,yes,edb.customers:r:AccessShareLock,edb.customers:r:AccessShareLock;edb.customers_id_idx:i:AccessShareLock,edb.customers,c.*,788a625464e8e7ed4b7387c64c971295af3da58b7f7ebc5e3cc8f9e4c13da8f4
18,regular,select_system_columns,SELECT,yes,yes,edb.customers:r:AccessShareLock,edb.customers:r:AccessShareLock;edb.customers_id_idx:i:AccessShareLock,edb.customers,ctid | xmin,66259754b47c53469c48af8c267bd2346b9fa558dd452818a0dd45be6df947da
18,regular,select_partition,SELECT,yes,yes,edb.p_events:p:AccessShareLock,edb.p_events:p:AccessShareLock;edb.p_events_lo:r:AccessShareLock,edb.p_events_lo,p.payload,a9e68c9d446ceea15fd0187ce21162261a66237a7b81b69ca8462d37e2aea2c9
18,regular,select_inheritance_only,SELECT,yes,yes,edb.i_parent:r:AccessShareLock,edb.i_parent:r:AccessShareLock,edb.i_parent,payload,3651510e8ee29cc1140f43072670783f87c22800b30437a4e6e7541d083427a8
18,regular,select_rls,SELECT,yes,yes,edb.rls_data:r:AccessShareLock,edb.rls_data:r:AccessShareLock,edb.rls_data,secret,520ce9bc9e28b1b358ae5b79140427d78bfa7c5519c5ced96ae98ac2e1bbec10
18,regular,select_immutable_function,SELECT,yes,yes,,,,1,14ac2603056782fa50241f85ab4546be2f9a0b2df7b2cd1db529ba6fa06ce8cd
18,regular,insert_values,INSERT,yes,yes,edb.dml_plain:r:RowExclusiveLock,edb.dml_plain:r:RowExclusiveLock,edb.dml_plain,'x'::text | 1,76ac77020de0397f86ec2492d7fa005e4b48a20d12bc7b0d64a720f87643f509
18,regular,insert_omitted,INSERT,yes,yes,edb.dml_plain:r:RowExclusiveLock,edb.dml_plain:r:RowExclusiveLock,edb.dml_plain,2 | NULL::text,4b4b13372cd21c27bbcfd8fdf3e1db92fa02dcfaf7bf4e3d3c6f94182d9bf438
18,regular,update_simple,UPDATE,yes,yes,edb.dml_plain:r:RowExclusiveLock,edb.dml_plain:r:RowExclusiveLock,edb.dml_plain,'y'::text | ctid,63d92b0c8949e0f476ca6c0343f1b3a74df26bf861f66908e6df74db3ec9a1ec
18,regular,update_from_returning,UPDATE,yes,yes,edb.customers:r:RowExclusiveLock;edb.orders:r:AccessShareLock,edb.customers:r:RowExclusiveLock;edb.customers_id_idx:i:RowExclusiveLock;edb.orders:r:AccessShareLock,edb.customers;edb.orders,c.ctid | c.id | o.amount | o.ctid | o.customer_id | o.note,1e118c667c2dc45fa16ba9b71afc4847d64c42e600a6cdde28d870b3523bda73
18,regular,delete_simple,DELETE,yes,yes,edb.dml_plain:r:RowExclusiveLock,edb.dml_plain:r:RowExclusiveLock,edb.dml_plain,ctid,1da5bef6e057ce0539456f51857af9a07954b40faa3a4025faf3fdfa9bfb4c9a
18,regular,update_trigger,UPDATE,yes,yes,edb.trigger_target:r:RowExclusiveLock,edb.trigger_target:r:RowExclusiveLock,edb.trigger_target,'changed'::text | ctid,b9605354e1f6c6217877fa2630b4fa19f2815949ef2909a59996c72b6965d227
18,regular,update_rule,UPDATE,yes,yes,edb.audit_log:r:RowExclusiveLock;edb.rule_target:r:AccessShareLock;edb.rule_target:r:RowExclusiveLock,edb.audit_log:r:RowExclusiveLock;edb.rule_target:r:AccessShareLock;edb.rule_target:r:RowExclusiveLock,edb.audit_log;edb.rule_target,'changed'::text | ctid,3bebc99dfb6ff4f79771df22d23eeceebdc82b23cc362965aafc568a29658466
