major,role,path,n,avg_ms,p50_ms,p95_ms,p99_ms,source
14,super,sql_prepare_lock_catalog_deallocate,120,8.751,8.491,11.547,12.993,this_s0
14,super,catalog_lock_revalidate_cached_shape,120,6.317,5.899,8.876,9.707,this_s0
14,regular,sql_prepare_lock_catalog_deallocate,120,8.735,8.592,10.816,11.810,this_s0
14,regular,catalog_lock_revalidate_cached_shape,120,6.231,6.179,7.798,8.188,this_s0
15,super,sql_prepare_lock_catalog_deallocate,120,7.960,7.424,11.242,13.392,this_s0
15,super,catalog_lock_revalidate_cached_shape,120,5.494,5.243,7.654,8.736,this_s0
15,regular,sql_prepare_lock_catalog_deallocate,120,8.663,7.708,11.875,13.680,this_s0
15,regular,catalog_lock_revalidate_cached_shape,120,5.625,5.307,8.176,8.997,this_s0
16,super,sql_prepare_lock_catalog_deallocate,120,7.873,7.554,10.672,11.336,this_s0
16,super,catalog_lock_revalidate_cached_shape,120,5.641,5.310,8.342,8.481,this_s0
16,regular,sql_prepare_lock_catalog_deallocate,120,7.626,7.411,9.828,10.450,this_s0
16,regular,catalog_lock_revalidate_cached_shape,120,5.352,5.277,6.911,7.476,this_s0
17,super,sql_prepare_lock_catalog_deallocate,120,7.832,7.428,10.664,11.953,this_s0
17,super,catalog_lock_revalidate_cached_shape,120,5.461,5.270,7.446,8.090,this_s0
17,regular,sql_prepare_lock_catalog_deallocate,120,7.691,7.371,10.408,11.251,this_s0
17,regular,catalog_lock_revalidate_cached_shape,120,5.347,5.226,7.331,8.272,this_s0
18,super,sql_prepare_lock_catalog_deallocate,120,7.609,7.421,9.611,10.131,this_s0
18,super,catalog_lock_revalidate_cached_shape,120,5.282,5.243,6.611,7.642,this_s0
18,regular,sql_prepare_lock_catalog_deallocate,120,7.533,7.372,9.546,10.365,this_s0
18,regular,catalog_lock_revalidate_cached_shape,120,5.238,5.233,6.477,7.062,this_s0
,,c_extension_per_request_reference,,,,86.000,,user_supplied_existing_baseline
